,part_id,mutations,fitness,max_fitness
22,LBC0065A,['SF3B1 c.1996A>C'],[0.6031576853555646],0.6031576853555646
36,LBC360636,"['DNMT3A c.976C>G', 'JAK2 c.1849G>T', 'DNMT3A c.2204A>G']","[0.23532857191064332, 0.15352573301742953, 0.4395317519049876]",0.4395317519049876
8,LBC360231,"['NPM1 c.847-4C>T', 'DNMT3A c.1852-1G>A']","[0.4363560581940865, 0.09689695185715232]",0.4363560581940865
32,LBC360072,"['SF3B1 c.2098A>G', 'TET2 c.1505del']","[0.3907055575033059, 0.16074917738089678]",0.3907055575033059
13,LBC0251K,"['NPM1 c.847-4C>T', 'TET2 c.936dup', 'U2AF1 c.470A>G']","[0.12583078766556643, 0.36331002561601156, 0.3639518107668544]",0.3639518107668544
11,LBC360790,"['DNMT3A c.2256_2257del', 'PPM1D c.1338del']","[0.24929200748288474, 0.3538038806023933]",0.3538038806023933
39,LBC360914,"['EZH2 c.1328C>A', 'KDM6A c.887G>T', 'DNMT3A c.2203T>A']","[0.33844526051059043, 0.16116481718625847, 0.1178337367866338]",0.33844526051059043
12,LBC361214,"['TP53 c.818G>A', 'DNMT3A c.2206C>T', 'NF1 c.2033del', 'NPM1 c.847-4C>T']","[0.27070519402246795, 0.06428972645423035, 0.32154002361124545, 0.20582348263454878]",0.32154002361124545
18,LBC0446H,"['RAD21 c.815-6_815-5inv', 'DNMT3A c.2060T>A', 'KMT2A c.7106A>C']","[0.2890860253839313, 0.05741968911419417, 0.2518301605759401]",0.2890860253839313
10,LBC360658,"['DNMT3A c.1429+1G>C', 'KRAS c.436G>C', 'TP53 c.711G>A']","[0.05604359595166759, 0.26697687277529747, 0.18277045651408613]",0.26697687277529747
24,LBC361122,['LUC7L2 c.157A>G'],[0.26221725029312687],0.26221725029312687
2,LBC0263L,"['PPM1D c.1602del', 'KDM6A c.3704A>C']","[0.13314201489850291, 0.25694128108881686]",0.25694128108881686
15,LBC360508,"['DNMT3A c.1605del', 'TET2 c.457dup', 'LUC7L2 c.279del']","[0.18823371778204515, 0.10947416071474461, 0.2443819840471406]",0.2443819840471406
4,LBC0046H,"['CDKN2A c.83T>G', 'CUX1 c.1756A>C']","[0.04684744407570756, 0.2442850464325183]",0.2442850464325183
33,LBC0118V,"['RAD21 c.829A>T', 'ASXL1 c.2773C>T', 'BCORL1 c.1493A>C']","[0.21930989689153085, 0.19667633260380898, 0.24404379053002279]",0.24404379053002279
40,LBC360725,['STAG2 c.1022G>T'],[0.22614435698243446],0.22614435698243446
7,LBC0588E,"['NF1 c.2033del', 'U2AF1 c.279T>G']","[0.22609060316417956, 0.15150535323497707]",0.22609060316417956
20,LBC360754,"['TP53 c.757_758dup', 'DNMT3A c.2478+1G>T']","[0.20888386616334295, 0.1433034439357347]",0.20888386616334295
19,LBC0220K,"['SF3B1 c.2445del', 'ZRSR2 c.1076_1080inv']","[0.19888984899586803, 0.1124385384027419]",0.19888984899586803
21,LBC0031R,"['U2AF1 c.279T>G', 'U2AF2 c.1010T>G']","[0.1968126649551947, 0.15618499159604457]",0.1968126649551947
38,LBC360181,['TET2 c.1102del'],[0.192531533346239],0.192531533346239
37,LBC0439R,['U2AF2 c.1010T>G'],[0.18691693686172875],0.18691693686172875
26,LBC0001A,['TET2 c.2290dup'],[0.18671238318200725],0.18671238318200725
5,LBC360453,"['LUC7L2 c.32T>C', 'DNMT3A c.2322+1G>A']","[0.18539705698601466, 0.07853245956161799]",0.18539705698601466
31,LBC360666,"['DNMT3A c.2330C>G', 'TET2 c.2255_2261del', 'DNMT3A c.1648G>A']","[0.1789767875169405, 0.08226063309486378, 0.13538049748628425]",0.1789767875169405
9,LBC0392K,"['DNMT3A c.291T>G', 'KDM6A c.-149T>G', 'KMT2A c.7106A>C', 'TET2 c.2339_2340del']","[0.17503511490495713, 0.09356843490391892, 0.12585912121061452, 0.04920331788534649]",0.17503511490495713
17,LBC0242M,"['DDX41 c.138+2T>G', 'KMT2A c.2318del', 'RAD21 c.419_421dup']","[0.08103181064589454, 0.17164981851895245, 0.12046730985900767]",0.17164981851895245
6,LBC0176A,['ASXL1 c.1900_1922del'],[0.16456649988755953],0.16456649988755953
14,LBC0405M,['STAG2 c.2725C>T'],[0.16105521666857997],0.16105521666857997
0,LBC0517V,['TET2 c.1742G>A'],[0.15539926552722583],0.15539926552722583
35,LBC360702,['JAK2 c.1849G>T'],[0.14759497453570172],0.14759497453570172
30,LBC0111B,['JAK2 c.1849G>T'],[0.12963504247499638],0.12963504247499638
16,LBC0293E,"['DNMT3A c.1510dup', 'TET2 c.1648C>T', 'DNMT3A c.2230A>T']","[0.08513903258332693, 0.1194318807484503, 0.11887329164231988]",0.1194318807484503
41,LBC360104,"['DNMT3A c.1156del', 'ASXL1 c.2329G>T']","[0.11683854560517665, 0.05626645935875338]",0.11683854560517665
25,LBC361225,"['DNMT3A c.1056_1057del', 'RUNX1 c.1252A>G']","[0.08801462501061974, 0.11365491446056551]",0.11365491446056551
3,LBC360109,['JAK2 c.1849G>T'],[0.11350737002396381],0.11350737002396381
23,LBC360919,['DNMT3A c.924_925dup'],[0.1011057601988464],0.1011057601988464
43,LBC0591L,"['TET2 c.2746C>T', 'TET2 c.2552del']","[0.05375052947236659, 0.10053503204506913]",0.10053503204506913
29,LBC0165A,['DNMT3A c.1969G>A'],[0.09740144052971098],0.09740144052971098
44,LBC360212,['DNMT3A c.1639C>T'],[0.0972184081332454],0.0972184081332454
45,LBC360843,['NOTCH1 c.4598A>C'],[0.08632216905062233],0.08632216905062233
42,LBC0461R,['JAK3 c.2443A>C'],[0.0850580672997385],0.0850580672997385
46,LBC0464X,['DNMT3A c.2173+1G>A'],[0.07299345837500493],0.07299345837500493
34,LBC360356,['DNMT3A c.1601del'],[0.07101092417927828],0.07101092417927828
47,LBC360908,"['TET2 c.1693dup', 'TET2 c.1694T>C']","[0.06401439056879572, 0.05586454079053322]",0.06401439056879572
27,LBC361172,['DNMT3A c.2083-2A>G'],[0.05652107090889055],0.05652107090889055
1,LBC0152W,['JAK3 c.2490+7T>G'],[0.05437499393425095],0.05437499393425095
28,LBC360898,['CDKN2A c.92T>G'],[0.0528820620248775],0.0528820620248775
